0,Sesshoku
1,Say Amen
2,Gone Tomorrow (Here Today)
3,Lotus Eater
4,I Bet My Life
5,Techno Toujours Pareil
6,Posin
7,Thunder
8,Shallow
9,Break
10,Cantina Band
11,Zero
12,Let's Kill Tonight 
13,Stay Frosty Royal Milk Tea
14,What I've Done
15,Grand Theft Autumn(Where Is Your Boy)
16,"The Ground Walks, With Time In A Box"
17,Kamikaze
18,Beep Beep I'm A Sheep
19,Despicable (Lux Amare Remix)
20,Renegade
21,Amsterdam
22,867 5309 Jenny 
23,Moskau (Camellia's Handzup Bootleg)
24,The Wolf
25,Face Down
26,High On You
27,Billie Eilish - Bury A Friend
28,Get Up
29,Cheri Cheri Lady
30,Gotta Go Home
31,Happy
32,Coffins
33,Torture
34,Ain't it fun
35,Stressed Out (Tomsize Remix)
36,Glad You Came (Cover)
37,You Should Be Dancing
38,Istanbul (Not Constantinople)
39,Old Habits
40,Play With Fire (feat. Yacht Money)
41,Too Far Gone 
42,Turn Down For What
43,Bleed It Out
44,One Call Away
45,Teenagers
46,Dance Like a Butterfly
47,Never Be Like You
48,"Earth, Wind & Fire - September (gu-kun remix)"
49,Paradise
50,Rodeo
51,Soap
52,Kyouran Hey Kids!! (TV Size)
53,The Weekend
54,347 Midnight Demons
55,Castle Of Glass
56,My Forbidden Lover
57,Tranz
58,MH PAΡAXAΡACETE
59,The Score - Stronger
60,Sawed Off Shotgun (SOS)
61,Let Me Live/Let Me Die
62,Grenade
63,Bakuretsu Panie San
64,CrushCrushCrush
65,Under Cover of Darkness
66,Duality
67,Cruel Summer
68,"Dance, Dance"
69,I Love You
70,Machines
71,You better die young
72,Brother - Stuck in the sound
73,Whiskey Glasses
74,Do The Panic
75,Instant Crush
76,Gravity
77,Graffiti
78,Trick or DA☆N☆GO
79,Flamingo
80,Again
81,Honolulu
82,WARNINGxWARNINGxWARNING
83,Wake Me Up
84,Buddy Holly
85,devstack - DiD - v2
86,Houdini
87,High Horse
88,Attack
89,Forgetting All About You
90,Lycanthropy
91,Please No More
92,On Top of the World
93,Feel Good
94,Let Her Go
95,The Writing's On The Wall
96,Life is a Highway
97,Flyers (TV Size)
98,Cruel Summer
99,The Greatest Show
100,Atom Bomb
101,Fishin' In The Dark
102,High Hopes
103,The End.
104,Round And Round
105,5150
106,Archers
107,This Christmas (I'll Burn It To The Ground)
108,Joker and the Thief
109,Dying Alive
110,Houdini
111,Immortals
112,OH NO!
113,Fallen Kingdom
114,Painkiller
115,Plug In Baby
116,It's My Life
117,Atomic Karate
118,Old Town Road
119,Everything is going to be okay
120,Inferno
121,River - King Kavalier Remix
122,Polaris
123,Old Yellow Bricks
124,PERFECT MACHINE
125,Radioactive (feat. Kendrick Lamar)
126,Thunder
127,The Dark of You
128,Boom Boom Tap
129,Grand Escape
130,Bodies
131,You Give Love A Bad Name
132,Until We Go Down
133,Bad Behavior
134,Give It Up
135,Let's Talk (feat Josh Dally)
136,What You Know
137,Daniel Beijbom - Land Of Faraway
138,Ignorance
139,Come With Me Now
140,The State Of Massachusetts
141,Trick or Treat
142,Roots
143,Jikotsugoshugi Metamorphose
144,Shut up baby I know it
145,Lonely Devil King
146,What's Up?
147,Thriller
148,When We Stand Together
149,Nico and the Niners
150,Daddy
151,Dead Star
152,Woman Amen / Female
153,Stella
154,Sesshoku
155,AND THEY DONT STOP COMING
156,Jason Walker - Echo
157,RISE
158,PvP
159,My Hero / Inuyashiki OP
160,National Aerobic Championship Theme
161,Cosmic Love
162,Alpha
163,"Dance, Dance"
164,Streaky
165,Bellyache
166,Frontier Psychiatrist
167,It's Tricky
168,Fink U Freeky
169,Skyfall
170,"Sugar, We're Goin Down"
171,Nandemonaiya
172,Loverboy
173,We're Beautiful
174,The Pretender
175,Dumb Ways To Die
176,High Five
177,Life in Technicolor ii
178,MONSTER AUTOMATIC!
179,Bury Me
180,Only Getting Younger ft Skrillex
181,Tik Tok Rok
182,My Demons
183,Love Me
184,Zombie
185,Out Of The Black
186,Whatareya
187,Can You Dig It
188,Dance Monkey
189,Billie Jean
190,"You're Gonna Go Far, Kid"
191,Misery Business
192,The Balled of Mona Lisa
193,Lighthouse [Monstercat Release]
194,First Date
195,Exploder
196,Baby I'm Yours
197,That's The Way It Is
198,Let Me Through
199,You Look So Good
200,Boredom
201,Pokusaj
202,Lovely
203,SAYONARA DILEMMA
204,Without You
205,Sleeping Powder
206,My Blood
207,Dark Necessities
208,The Hustle
209,Sick Sick Sick
210,Onegai Muscle
211,sink to the deep sea world
212,Counting Stars
213,In The End - Linkin Park
214,Autodrom
215,Somebody's Watching Me
216,Easy Tiger
217,Someone You Loved
218,Love Somebody
219,The Middle
220,Shes Kerosene
221,Let The Games Begin - AJR
222,Song 2
223,Let Her Go
224,BLACK or WHITE?
225,Man on the Moon
226,Cupids Chokehold
227,CHOP
228,SKILLET - FEEL INVINCIBLE (Metal Cover)
229,Dangerous
230,Run Run Run
231,Inferno
232,Warning Call - Mirror's Edge Catalyst
233,Escape
234,Let's Groove
235,Super Freak
236,100 Bad Days
237,Run
238,Home Among The Gumtrees (Kick Bass Remix)
239,Usual Suspects
240,Coldplay - Midnight (Kygo Remix) v2.0
241,Barbra Streisand
242,Inferno
243,End of the world 
244,xxxtenta
245,The Legend Never Dies
246,Little Riddle
247,Lycanthropy
248,Tenohira De Odoru
249,The Hound and The Fox (Oil in Water version)
250,Doubt
251,Glory Of Love
252,Hurts So Good
253,End of the World
254,Hotel Key
255,Come Along
256,Faultline
257,It's Only Magic
258,Cantina Band
259,NRG
260,Hell Broke Luce
261,Until the End
262,Furi - Love and Madness
263,This is (not) the end
264,Promise the Star
265,Gold
266,Them Bones
267,22
268,Crazy=Genius
269,Where's the Caveman
270,Feel Good Inc.
271,This Is How We Roll
272,KDV (feat. Shug)
273,Immortals
274,MUKANJYO
275,Heavy Metal and Reflective
276,Death Of A Bachelor
277,Smells Like Teen Spirit
278,Look What You Made Me Do
279,Deeper
280,Starfish
281,Brick By Boring Brick
282,Nail In My Coffin
283,No Scrubs
284,Today Is The Day
285,Cosmic Love
286,The Drugs
287,Starlighter
288,U Kill Me
289,Dancin (KRONO Remix)
290,Don't Stop 'Til You Get Enough
291,Funky Town 
292,MIRROR
293,Kickapoo
294,Timber
295,bury a friend
296,Without Me (Nurko & Miles Away Remix)
297,Bad Liar - Imagine Dragons
298,The Story
299,Julien
300,Safe and Sound
301,Talking To Myself
302,Natural
303,I'm Good
304,She Wants Me Dead
305,"No Light, No Light"
306,Southern Nights
307,Roaring 20s
308,Zero
309,Blue Monday (Yazer)
310,It's Time
311,Holiday
312,Pity Party
313,Apollo
314,Legendary
315,What I Want
316,Electric Love
317,Happier Sunflower
318,Insomnia
319,Billie Jean
320,From Shadows (One Saber)
321,Astrology Days (One AM Radio Remix)
322,Tokyo Ghetto
323,Close To Me
324,DrumsYT
325,The Balled of Mona Lisa
326,Intergalactic
327,Exploder
328,Do It All The Time
329,Get Down On It
330,Voodoo
331,When The Sun Goes Down
332,I Will Not Bow
333,Banzai Sensho
334,Ocean Man [Full]
335,Sweet Dreams (Are Made Of This)
336,Nobore! Susume! Takai Tou
337,House of Gold
338,There is no need to be upset
339,Cold As Stone
340,Car Radio
341,Benny Hill theme (short)
342,My Name Is Human
343,Believer (100k ver.)
344,Beep Beep I'm a Sheep (feat. TomSka & BlackGryph0n)
345,Nine In the Afternoon
346,A Head Full Of Dreams
347,Mirai Nikki OP (English)
348,Feed the Machine
349,Here It Goes Again
350,Trick or DA☆N☆GO
351,Fink U Freeky
352,Boulevard of Broken Dreams
353,Old Friend
354,Pay The Man
355,Maneater
356,Heathens (short version)
357,Help
358,Tear in My Heart
359,Breaking Down
360,Sit Next To Me 
361,Paradise Live
362,"Get Outta My Dreams, Get Into My Car"
363,Burn My Shadow
364,Running Hell
365,Walk On Water
366,Getaway
367,Hold Me Down
368,Bodysnatchers
369,Ring of Fire 
370,Can You Dig It
371,Just Breathe
372,Natural
373,High Hopes
374,The Greatest Show Reimagined
375,Over Again
376,White Wedding
377,Crawling
378,The Diary of Jane
379,Boom Clap
380,Star Fighter
381,Autocorrect
382,Look at the sea
383,Black Betty
384,Blood in the Cut
385,In The Shadows
386,HandClap
387,NZT48
388,Inferno
389,Goodie Bag
390,Take It Off
391,Survivor
392,Celebration
393,Closer
394,Get Down On
395,Plc.4 Mie Haed
396,Nevermind
397,Live Forever
398,I Will Survive
399,Ruling Me
400,Smooth Criminal
401,Get Out The Way
402,Uprising
403,Chaoz Fantasy
404,The Trail We Blaze
405,Carnivore
406,99 Luftballons DEMO
407,Nobore! Susume! Takai Tou
408,Bada Bing! Wit' A Pipe!
409,Zero
410,Overdose
411,Best day of my Life
412,Seven Nation Army (Glitch Mob)
413,Say Amen (Saturday Night)
414,Crazy World
415,The Butts Remix
416,Out Of My Head
417,Sunday School Rock (I Love Jesus)
418,The Red
419,Crawling
420,Lost In The Echo
421,Sugar Surf
422,The Running Free
423,Ride On Shooting Star
424,Run
425,Lets Dance To The Joy Division
426,Red Hot Chilli Peppers - Otherside
427,Disco Yes
428,Paper Planes
429,I Knew You Were Trouble
430,Rise Up
431,Don't Wait up
432,The Distance
433,Revolution
434,Become the Enemy
435,Bleed It Out
436,Chlorine
437,American Kids
438,Doom Days
439,Crawling in my Crawl
440,WE ARE NOT CURZED
441,days gone by
442,Battle Sirens (RIOT Remix)
443,Friday I'm In Love
444,Wrecking Ball
445,Shadow and Truth
446,Wake Me Up (Nightcore)
447,Did My Time
448,Run Boy Run
449,King & Ashley
450,The Days
451,Dignity
452,Country Girl
453,Blobs of Blood
454,I Knew You Were Trouble
455,Let's Get This Over With
456,Get It - Matt and Kim
457,Gold
458,The Hand That Feeds
459,Pork Soda
460,Mantra
461,Meant to Live
462,The Last Story
463,Down
464,Secret Code
465,The Greatest Show
466,Beautiful
467,Worst Nites
468,The Final Countdown
469,Forgetting All About You
470,Small Fish
471,Melancholy Hill
472,She's Here!!
473,Feel It All
474,Infinity Guitars
475,On My MiND
476,Blood In The Cut
477,BIOS
478,Never Let Me Go
479,Start A Fire
480,High Hopes
481,Dancing's Not A Crime
482,Actions & Motives
483,Ocean Avenue
484,Peptalk
485,Pitty Party
486,Back In Love Again
487,Save Yourself
488,Choke
489,Galway Girl
490,Reptilia
491,Talking
492,I Am
493,Falling Down
494,Back to the Earth
495,Brother Louie
496,Black Board - papiyonP
497,Ride
498,sink to the deep sea world
499,Papercut
500,The Hell Song
501,"Wow, I Can Get Sexual Too"
502,Man Its So Loud In Here
503,Burnin' Up
504,Gimme! Gimme! Gimme!
505,Are you gonna be my Girl
506,Block Out The World (Nightcore)
507,Emperor's New Clothes
508,Falling Down
509,You Need To Calm Down
510,Mukanjyo
511,Rasputin (Funk Overload)
512,I Am
513,cry of achilles
514,Hardware Store
515,Love Is A Battlefield
516,Cherry Lips (Go Baby Go)
517,"Wow, I Can Get Sexual Too"
518,Boom Boom Tap
519,Inferno - Mrs. Green Apple
520,Funky Town
521,Upside Down & Inside Out
522,Feel Good Inc.
523,Army of Me
524,6:00
525,Wolf In Sheep's Clothing (Nightcore)
526,Guiding Light
527,WALK ON WATER
528,You Got The Love (Florence and The Machine Remix)
529,Squid Sisters
530,Sunflower
531,Clint Eastwood
532,Burning Down The House
533,Unstoppable
534,Windows 95 Startup Sound
535,Legends Never Die
536,Love Story
537,Bury a Friend
538,Mardy Bum
539,Idioteque
540,Faint
541,Fairly Local
542,Pressure
543,Viva La Vida
544,Let's Get This Over With
545,Ma Baker (Arystyle Remix)
546,Birds
547,Breaking The Habit
548,Niwaka Ame ni Mo Makezu
549,Be Legendary
550,When Doves Cry
551,Hunter
552,Nightmare (Nurko & Miles Away Remix)
553,Betrayal of Fear
554,A Real Life
555,Dancing With Myself
556,Big Iron
557,We are Young
558,"Feed Me, Pet Me"
559,Some Kind Of Magic
560,Zen Zen Zense
561,Natural
562,4AM
563,Everything Went Numb
564,Unravel [Tv Size]
565,Inferno
566,Iron
567,Evil Bee
568,Bleed It Out
569,Out Of My League
570,War of Change
571,The Darkness
572,The Hell Song
573,We're Shameless
574,FLY
575,1997 DIANA
576,Bang Bang Bang (feat. Q-Tip & MNDR)
577,Reflections
578,Go Fck Yourself
579,Mirror Cage
580,The Chowder Man's Hotel Room
581,Ugly
582,Dancin (KRONO Remix)
583,Disco Inferno
584,Learn To Fly
585,Jerk It Out
586,Hot Hot Hot 
587,Night Last Night
588,Hit Me With Your Best Shot
589,Blue Jeans (Kris Menace Remix)
590,The Less I Know the Better
591,Wild Frontier
592,Reckoner
593,LOVE & ROLL
594,Chainsaw
595,Old Town Road-Lil Nas X
596,Human
597,Lampshades on Fire
598,Arabella
599,Jumpsuit
600,Salted Caramel
601,Blood
602,Tonari Au (TV Size)
603,Spare Of Despair
604,Belong
605,Avalanche
606,Hoshi ga Matataku Konna Yoru ni
607,Goldfish
608,Down the Hatch
609,1999
610,Better Off Gone
611,Confusion (Drums)
612,Kids
613,Spectrum (Say My Name) (Calvin Harris Remix)
614,Nightcore - Pretty Little Psycho
615,Better Be Good To Me
616,You Get What You Give
617,Should've Said No
618,Stay
619,Tequila
620,Paradise
621,Water break
622,Cheetah Tongue
623,Helena
624,Jigsaw Hustle
625,In The End - Linkin Park
626,Nightmare
627,Thunderball - Bonzai channel one
628,Between The Raindrops
629,Lonely Go!
630,Dance Like a Butterfly
631,Two Princes
632,From The Inside
633,Daddy
634,Ava Adore
635,Right Now
636,Heathens
637,Hold Me Down
638,Our Own House
639,Survive Said The Prophet
640,Mundo
641,My Blood
642,Nanairo night
643,Lampshades on Fire
644,Life In The Fast Lane
645,Somebody That I Used To Know - Gotye - (feat. Kimbra)
646,Seoul Town Road (Old Town Road Remix)
647,Don't Stop Me Now
648,The Less I Know the Better
649,Vienna Calling
650,I don't Feel like Dancin'
651,I will Survive
652,Give A Little More
653,Wheels on the Bus
654,C7OSURE
655,Blood In The Cut
656,Stay Frosty Royal Milk Tea
657,Green Day - Kill the dj
658,Old Fashioned - Panic! at the Disco
659,Afraid
660,The Kill
661,I Write Sins Not Tragedies
662,broken
663,Paper Planes
664,Favorite Color is Blue
665,Boogie Shoes 
666,I Don't Know Why
667,Walk on Water
668,Heavydirtysoul
669,Livin' La Vida Loca
670,Wasteland
671,All Is Dull
672,New Divide
673,Make Me Fade
674,Until We Go Down
675,Beverly Hills
676,yup on my tractor
677,Demons
678,Manifest
679,Timber
680,Kickapoo
681,Ain't No Rest For The Wicked
682,Take A Walk
683,Nightcall
684,Wheels
685,The Ultimate Showdown of Ultimate Destiny
686,Tell Me Baby
687,Sleeping Powder
688,Boogie Wonderland
689,One Week
690,Human
691,Warning Call - Mirror's Edge Catalyst
692,Uncle Fucker
693,Yakusoku wo Shiyou
694,Hoppipolla
695,Viva La Vida
696,Square Space
697,Come to Life
698,I Write Sins Not Tragedies 
699,Daniel Beijbom - Land Of Faraway
700,Rolling Girl
701,Groove Is In The Heart
702,Last Resort
703,My Type
704,Night street
705,WE ARE NOT CURZED
706,Super Cool
707,HandClap
708,Heart of Glass
709,Hey Look Ma I Made It
710,Play Of The game
711,Adventure Of A Lifetime
712,The Walker
713,Goodbye Mr A
714,Kizukeyo Baby
715,Decode
716,Authority Song
717,Overture
718,Lonely No More
719,Save Yourself
720,The Force Theme
721,Key Entity Extraction V
722,Underwear
723,Sit Next To Me (Nebita Remix)
724,Nippon Manju
725,War
726,Under your scars
727,Dancin (KRONO Remix)
728,Tarzan Boy
729,Crossing a Line
730,Basics in Behavior [Blue]
731,Cheri Cheri Lady
732,Inferno (TV Size)
733,It Has Begun
734,Comfort Eagle
735,Drowning
736,We are Young
737,Annie
738,Cough Syrup
739,Leave Out All The Rest
740,Welcome to the Black Parade (Steve Aoki Remix)
741,Movies
742,Believer (100k ver.)
743,Toorisugita Kisetsu No Sora De 
744,Session
745,Duality
746,Despicable
747,Hook Line & Sinker
748,Lonely Go!
749,Faint
750,The Good Times Are Killing Me
751,Zero
752,friendly reminder!!!
753,Crawling
754,Space Diver Tama
755,Dancing Queen
756,Murder Games
757,Jingle Bell Rock
758,Never Let Me Go
759,Electric Feel
